{
    "random_forest": {
        "r2": 0.9934862779145016,
        "mae": 679.160174,
        "rmse": 1390.541671377309,
        "predictions": [
            26539.97,
            7991.74,
            477.09,
            15893.15,
            47697.22,
            28058.31,
            7779.55,
            28179.24,
            49727.34,
            2139.77,
            782.67,
            11803.62,
            2906.27,
            3562.26,
            36271.75,
            27045.05,
            17997.69,
            11342.56,
            49612.6,
            4520.09,
            2958.38,
            1696.81,
            1269.02,
            863.85,
            34326.99,
            7419.6,
            13985.16,
            4764.51,
            1330.68,
            10579.91,
            4732.11,
            7714.2,
            3137.72,
            61151.55,
            13200.75,
            527.02,
            2146.74,
            13791.08,
            2163.06,
            100.45,
            168.54,
            8275.47,
            3762.26,
            21960.95,
            888.54,
            1738.18,
            31501.04,
            219.71,
            17599.98,
            50350.66,
            25745.27,
            1016.66,
            4039.48,
            15458.84,
            6387.34,
            6239.94,
            1106.9,
            1911.15,
            10318.12,
            27084.21,
            3993.84,
            4128.62,
            22753.02,
            6061.83,
            25224.92,
            1492.87,
            642.16,
            1677.83,
            15106.06,
            8909.72,
            1634.82,
            1893.54,
            11962.88,
            10653.19,
            43626.98,
            1028.03,
            1767.14,
            1580.04,
            60818.63,
            5020.27,
            24732.01,
            27985.87,
            9424.35,
            8339.8,
            619.79,
            33482.13,
            5112.48,
            2181.73,
            34015.45,
            751.04,
            1802.23,
            8653.96,
            2309.7,
            14619.11,
            8068.23,
            40159.44,
            6385.92,
            1058.7,
            9248.86,
            2697.28
        ],
        "actuals": [
            27078,
            9079,
            462,
            15410,
            49754,
            27792,
            7607,
            26174,
            50189,
            2270,
            721,
            10423,
            3231,
            3254,
            31382,
            24655,
            17647,
            11903,
            46057,
            4478,
            3290,
            1563,
            1130,
            850,
            34229,
            7053,
            15984,
            4980,
            1345,
            10440,
            4556,
            7585,
            3129,
            58581,
            13067,
            496,
            2069,
            13888,
            2165,
            91,
            164,
            8105,
            3808,
            22842,
            810,
            1849,
            34948,
            218,
            19244,
            51473,
            24312,
            964,
            3952,
            15602,
            6414,
            6399,
            1103,
            2093,
            9926,
            28694,
            3886,
            3924,
            19645,
            6142,
            25608,
            1591,
            674,
            1653,
            15403,
            8931,
            1675,
            1728,
            11716,
            11826,
            39799,
            950,
            1655,
            1465,
            64072,
            5024,
            24568,
            26492,
            9437,
            8168,
            596,
            35235,
            6138,
            2017,
            37791,
            742,
            1730,
            8836,
            2306,
            12809,
            8513,
            41227,
            6242,
            1028,
            10395,
            2735
        ]
    },
    "gradient_boosting": {
        "r2": 0.9938001560363291,
        "mae": 674.9536893565578,
        "rmse": 1356.6248731551377,
        "predictions": [
            26977.00379349517,
            8203.330701404771,
            569.6200146108763,
            15833.054923219586,
            48705.338562716795,
            28209.511917372452,
            7882.631997900614,
            28389.607990673565,
            47359.47868936189,
            2148.843347314773,
            746.9046072141308,
            12163.054214572325,
            2843.6390783233446,
            3589.7816832267567,
            35589.84283109753,
            26879.0449109517,
            17768.35130970151,
            10983.30118630153,
            50831.53109551038,
            4758.403834631464,
            2989.236365338246,
            1654.563780020786,
            1219.3116325216477,
            861.615018989846,
            33869.187645411286,
            7461.425513215436,
            14075.558090730541,
            4791.316342186233,
            1382.1146917686453,
            10675.828008144174,
            4820.03564737013,
            7781.710721927254,
            3041.2872676415222,
            59373.022853557035,
            13593.513086784289,
            558.7803762831986,
            2127.5675100834974,
            13304.829061989849,
            2224.951251513196,
            295.7305996589647,
            309.2892284415714,
            8204.252406153073,
            3794.622559329383,
            22123.802897889756,
            825.4090919158974,
            1682.0872722651711,
            31214.124457284808,
            286.20724027766346,
            17749.11076377965,
            49351.40263836808,
            24921.42282724795,
            1024.6991268842337,
            4011.6941812409946,
            15383.206574315827,
            6383.672387889097,
            6364.489816702642,
            1067.7719042287229,
            1995.531543315388,
            10348.223348538164,
            27677.933483091587,
            4015.7025019225516,
            4030.2605632243576,
            22622.715573755082,
            6223.9638892022895,
            25043.452593633196,
            1552.2319964362741,
            705.7594419329034,
            1576.7148128725412,
            15549.19243587926,
            8783.063567622215,
            1607.2297561820774,
            1864.8864137475289,
            11763.180717483427,
            11056.03078196513,
            43421.03580322963,
            993.8409402560075,
            1713.8080190204355,
            1581.2762362223891,
            62031.32296357674,
            5221.691318524005,
            24861.020359178914,
            28553.5716484677,
            9613.605414071379,
            8185.789480481735,
            649.3997801904383,
            34341.515085209445,
            5330.6258512174645,
            2100.2653415520376,
            34471.0711974257,
            839.4658468500046,
            1735.9890347377086,
            8805.490584616995,
            2275.819818131287,
            14007.945377777678,
            7862.256726711625,
            40955.19681488529,
            5950.541280734338,
            954.7354431224745,
            9121.149769965697,
            2696.4566805973213
        ],